whitePixels,blobDiameter,nBlobs,diagnostic
216,39.13965129852295,4,1
500,28.55919361114502,4,1
382,39.162113904953,4,1
205,35.00742220878601,4,1
269,31.497883081436157,4,1
333,46.812137603759766,4,1
205,34.84758400917053,4,0
505,42.664806842803955,4,1
347,31.37901544570923,4,1
173,35.63759756088257,4,1
341,39.979427099227905,4,1
353,38.77651500701904,4,1
246,34.357802391052246,4,1
654,64.1227970123291,4,1
349,37.53177547454834,4,1
128,21.332345485687256,3,1
563,47.957717180252075,4,1
310,43.72520303726196,4,1
388,41.540464639663696,4,1
650,64.43855857849121,4,1
584,49.38968801498413,4,1
288,32.58987283706665,4,1
375,26.631916999816895,4,1
430,42.64174675941467,4,1
146,32.197163581848145,4,1
529,49.6956262588501,4,1
321,33.85502004623413,4,1
242,31.44929790496826,3,1
314,33.92485690116882,4,1
204,37.620859146118164,4,1
734,68.37154293060303,4,1
360,34.277586698532104,4,1
231,38.19206094741821,4,1
390,43.55302309989929,4,1
378,41.95432686805725,4,1
322,37.30247712135315,4,1
240,39.1289267539978,4,1
292,40.41571664810181,4,1
269,42.07818412780762,4,1
195,19.748682498931885,3,1
238,26.656099796295166,4,1
226,39.36392688751221,4,1
274,43.05857467651367,4,1
554,40.578527212142944,4,1
317,26.763470888137817,4,1
387,42.18658494949341,4,1
544,58.54056262969971,4,1
250,23.10841178894043,4,1
310,37.035104751586914,4,1
415,33.42610216140747,4,1
175,37.160160064697266,4,1
338,16.355607986450195,2,1
416,23.597161531448364,4,1
373,48.22675132751465,4,1
318,46.43315601348877,4,1
582,50.61170482635498,4,1
394,38.954241037368774,4,1
138,31.815680503845215,4,1
450,42.367055892944336,4,1
467,54.567893981933594,4,1
196,30.24521541595459,3,0
127,29.022117614746094,4,0
165,34.85372543334961,4,0
203,39.5582914352417,4,0
148,34.25884485244751,4,0
140,31.30220317840576,4,0
72,23.669617652893066,4,0
59,13.341209650039673,3,0
195,34.8469295501709,4,0
190,38.6391487121582,4,0
144,31.244661331176758,4,0
352,47.80502939224243,4,0
91,22.868882179260254,3,0
84,20.23695135116577,3,0
149,31.398980617523193,4,0
200,25.357094764709473,3,0
182,36.247178077697754,4,0
194,33.99115347862244,4,0
199,31.030137300491333,4,0
156,31.646867275238037,4,0
347,46.8388671875,4,0
198,38.703744888305664,4,0
185,37.50539016723633,4,0
273,44.53379440307617,4,0
194,31.93373966217041,4,0
124,26.852524280548096,4,0
179,35.53099966049194,4,0
154,26.741347312927246,4,0
188,26.852261543273926,3,0
134,26.98704433441162,3,0
176,28.24224615097046,4,0
165,34.0904598236084,4,0
148,27.776912689208984,3,0
163,33.239760637283325,4,0
186,37.547295570373535,4,0
158,33.81190013885498,4,0
316,38.8137686252594,4,0
206,36.97592067718506,4,0
227,42.434152603149414,4,0
175,25.673929929733276,4,0
124,29.6612286567688,4,0
107,23.070959091186523,3,0
109,23.150929927825928,4,0
99,24.648767232894897,4,0
191,37.93748331069946,4,0
106,23.696409225463867,3,0
74,21.2755925655365,4,0
175,34.90083360671997,4,0
183,32.154311656951904,4,0
133,29.06940984725952,4,0
316,33.42861747741699,4,0
154,34.57764291763306,4,0
112,25.57284426689148,4,0
328,32.26891613006592,4,0
130,33.380184173583984,4,0
124,31.603450298309326,4,0
210,40.21338081359863,4,0
186,26.105904817581177,4,0
194,32.38312292098999,4,0
219,39.03616809844971,4,0
183,37.1636438369751,4,0
141,28.714295864105225,4,0
152,33.229122161865234,4,0
273,37.06678533554077,4,0
204,38.27446889877319,4,0
90,23.455724239349365,4,0
223,29.15693974494934,4,0
172,28.153553247451782,4,0
92,13.869848012924194,3,0
229,34.50933289527893,4,0
159,29.869258880615234,3,0
78,18.1148784160614,3,0
163,29.88249945640564,4,0
254,41.43851375579834,4,0
157,32.889954566955566,4,0
115,18.602134466171265,3,0
191,34.544909954071045,4,0
199,21.651530981063843,4,0
186,37.415324211120605,4,0
201,28.561917781829834,3,0
135,30.421441555023193,4,0
199,35.196786403656006,4,0
276,36.01529312133789,4,0
226,32.34935927391052,4,0
252,18.413572311401367,3,0
157,21.181437969207764,4,0
122,27.127211570739746,4,0
159,24.20056462287903,4,0
145,24.53327703475952,4,0
181,32.82666301727295,4,0
178,34.5266318321228,4,0
137,28.66555690765381,3,0
154,32.42604160308838,4,0
140,32.71738004684448,4,0
257,33.26735830307007,4,0
162,33.261958599090576,4,0
111,26.984900951385498,4,0
73,18.37926745414734,3,0
143,32.98450040817261,4,0
135,28.242738723754883,4,0
97,25.88813829421997,4,0
161,33.90786123275757,4,0
140,20.817518711090088,3,0
231,31.70172882080078,4,0
179,23.69222068786621,3,0
116,23.94421100616455,4,0
236,40.2222261428833,4,0
169,29.90205669403076,3,0
150,29.503003358840942,4,0
57,17.37852191925049,3,0
69,18.724459409713745,3,0
218,40.59566688537598,4,0
205,18.038787364959717,2,0
168,28.266705751419067,4,0
269,36.137837409973145,4,0
180,21.693522691726685,4,0
200,36.34679675102234,4,0
141,31.782697677612305,4,0
103,26.345519542694092,4,0
166,33.75029802322388,4,0
151,34.09679079055786,4,0
101,21.5998957157135,3,0
179,32.316667318344116,4,0
162,35.00880670547485,4,0
115,26.648180723190308,4,0
185,36.924864768981934,4,0
172,36.87783145904541,4,0
113,20.647871017456055,4,0
168,30.907147645950317,4,0
194,31.449868202209473,4,0
162,22.54921245574951,4,0
181,33.45309257507324,4,0
123,29.028985023498535,4,0
73,18.48214101791382,3,0
159,35.51682376861572,4,0
124,27.852051258087158,4,0
93,25.133513927459717,4,0
131,31.476937294006348,4,0
176,37.411542892456055,4,0
105,25.824272871017456,4,0
180,31.21200203895569,4,0
124,24.398126125335693,4,0
214,39.07799530029297,4,0
150,17.979849815368652,2,0
171,35.16557598114014,4,0
240,37.879104137420654,4,0
166,36.00494432449341,4,0
146,32.9040002822876,4,0
200,26.412002086639404,4,0
139,26.1984224319458,3,0
156,27.7213077545166,4,0
191,30.623965978622437,4,0
173,33.80177021026611,4,0
108,22.109609127044678,4,0
160,31.159698486328125,4,0
96,27.778090476989746,4,0
238,34.22137665748596,4,0
150,29.47431516647339,3,0
125,29.074073791503906,4,0
178,37.89262104034424,4,0
128,30.43071985244751,4,0
108,26.98092293739319,4,0
82,16.27418565750122,2,0
236,17.503966569900513,3,0
188,38.31418800354004,4,0
194,28.588391065597534,4,0
184,28.78659749031067,4,0
148,33.26513862609863,4,0
186,38.895263671875,4,0
116,23.752592086791992,3,0
206,38.18704128265381,4,0
191,28.064220428466797,3,0
136,28.3561532497406,4,0
198,37.89935302734375,4,0
158,34.714903354644775,4,0
112,26.85269856452942,4,0
166,34.73809242248535,4,0
119,24.928194999694824,3,0
133,27.038236141204834,4,0
317,34.81343173980713,3,0
85,26.626105308532715,4,0
96,27.005388736724854,4,0
192,34.69673538208008,4,0
88,25.469555377960205,4,0
111,28.761960983276367,4,0
163,35.7154016494751,4,0
90,24.674652814865112,4,0
89,26.546384572982788,4,0
136,31.19735622406006,4,0
154,34.33314657211304,4,0
127,27.973944664001465,4,0
307,32.70888137817383,3,0
159,35.482686042785645,4,0
132,28.71750020980835,4,0
308,31.070748329162598,4,0
44,14.41308856010437,3,0
145,33.941070556640625,4,0
118,27.52555799484253,4,0
142,31.833287715911865,4,0
249,33.436939001083374,4,0
217,39.64665126800537,4,0
187,33.84323811531067,4,0
172,33.846213817596436,4,0
94,20.658215522766113,3,0
151,33.50946235656738,4,0
341,36.5590341091156,4,0
231,40.405640602111816,4,0
301,36.25906848907471,4,0
251,33.7613410949707,4,0
193,37.92296504974365,4,0
245,43.07766151428223,4,0
174,33.25045347213745,4,0
199,37.996620655059814,4,0
68,20.157272815704346,3,0
218,38.938897132873535,4,0
156,33.352309703826904,4,0
125,25.791255712509155,4,0
99,25.592735290527344,4,0
151,32.12787485122681,4,0
133,21.9799485206604,3,0
102,24.86635136604309,4,0
115,26.95796823501587,4,0
21,6.624319076538086,1,0
42,12.016204118728638,2,0
16,7.846426248550415,2,0
78,22.674034357070923,4,0
106,23.937347412109375,3,0
24,12.149768590927124,3,0
93,22.26488208770752,3,0
117,15.104129076004028,3,0
73,23.018652200698853,4,0
98,23.73138952255249,3,0
100,20.90227699279785,3,0
34,13.838265419006348,3,0
84,22.406019687652588,3,0
91,23.757673978805542,4,0
37,16.630127906799316,4,0
92,22.940546989440918,3,0
99,22.178248405456543,3,0
65,17.67682123184204,3,0
88,21.95272922515869,3,0
3,2.9554388523101807,1,0
10,4.610671520233154,1,0
142,31.668724060058594,4,0
3,2.9554388523101807,1,0
81,24.32680654525757,4,0
118,25.357025623321533,3,0
138,29.829866647720337,4,0
162,35.0785756111145,4,0
144,29.981446266174316,4,0
157,32.92897939682007,4,0
173,35.15052795410156,4,0
132,30.183382987976074,4,0
149,32.78464889526367,4,0
182,36.32373666763306,4,0
106,27.19363570213318,4,0
26,9.82233214378357,2,0
149,23.146820068359375,3,0
225,30.621427536010742,3,0
65,21.111358642578125,4,0
75,21.04245615005493,3,0
221,30.418368816375732,3,0
49,14.026100158691406,2,0
70,16.721754550933838,2,0
240,25.62137269973755,4,0
8,4.002221584320068,1,0
0,0.0,0,0
3,2.9554388523101807,1,0
0,0.0,0,0
28,9.842225790023804,2,0
0,0.0,0,0
0,0.0,0,0
0,0.0,0,0
17,5.1918840408325195,1,0
24,9.38022518157959,2,0
72,20.329652070999146,3,0
18,8.504154920578003,2,0
8,4.303342342376709,1,0
38,7.2714149951934814,2,0
154,35.0504846572876,4,0
3,2.9554388523101807,1,0
52,17.151214122772217,3,0
21,6.496578693389893,1,0
113,30.221240520477295,4,0
71,16.483245372772217,2,0
124,30.70663356781006,4,0
199,36.11884593963623,4,0
178,36.41815805435181,4,0
207,30.30639100074768,4,0
154,32.907533168792725,4,0
104,22.22176456451416,3,0
140,31.796926975250244,4,0
285,43.98828411102295,4,0
175,34.26221036911011,4,0
133,29.541531801223755,4,0
292,44.64155673980713,4,0
188,36.00321912765503,4,0
238,33.55275750160217,4,0
200,24.22046709060669,4,0
180,36.175063610076904,4,0
209,39.74453163146973,4,0
161,32.94988298416138,4,0
163,22.341246128082275,3,0
229,41.265310287475586,4,0
145,24.953233003616333,4,0
168,29.880245685577393,4,0
218,39.85879325866699,4,0
172,35.10732841491699,4,0
162,28.68270182609558,4,0
58,18.0635724067688,3,0
5,3.6131675243377686,1,0
10,6.955438852310181,2,0
123,30.702935218811035,4,0
16,8.626468658447266,2,0
37,14.464397430419922,3,0
91,26.736395359039307,4,0
0,0.0,0,0
14,7.971238136291504,2,0
125,27.686291933059692,4,0
35,8.890987396240234,2,0
64,19.061079502105713,3,0
121,31.535229206085205,4,0
40,13.519459009170532,3,0
58,18.135022163391113,3,0
49,14.531906604766846,3,0
208,30.723725080490112,4,0
104,21.79654359817505,3,0
123,24.79025363922119,3,0
99,17.31199359893799,3,0
76,22.46001648902893,4,0
51,13.9111328125,2,0
48,9.239524841308594,1,0
36,12.400521755218506,2,0
46,11.564454317092896,2,0
39,9.124903678894043,1,0
42,13.706840515136719,3,0
37,11.496108293533325,2,0
47,12.718832969665527,2,0
17,8.61931848526001,2,0
45,9.881609916687012,1,0
83,22.31432008743286,3,0
7,3.971238136291504,1,0
85,9.666293382644653,2,0
61,15.061137199401855,2,0
53,17.108182668685913,3,0
0,0.0,0,0
0,0.0,0,0
38,12.067219734191895,2,0
185,18.695274829864502,3,0
8,4.002221584320068,1,0
0,0.0,0,0
180,23.403695106506348,2,0
33,8.294037818908691,1,0
85,22.204901218414307,3,0
192,24.597436904907227,2,0
33,8.184587478637695,1,0
71,16.262767791748047,2,0
188,23.36173391342163,2,0
39,11.911882638931274,2,0
62,15.043758869171143,2,0
169,22.27730941772461,2,0
35,8.634449005126953,1,0
63,15.291311264038086,2,0
112,28.53686761856079,4,0
0,0.0,0,0
44,15.836050987243652,3,0
123,28.369308948516846,4,0
122,29.623521327972412,4,0
143,32.43919897079468,4,0
73,16.245716094970703,2,0
53,11.20194149017334,2,0
138,21.984142065048218,3,0
78,16.303371906280518,2,0
71,18.02364444732666,3,0
140,18.23916220664978,2,0
15,5.280052661895752,1,0
52,12.708757162094116,2,0
14,5.910877704620361,2,0
36,9.559880495071411,2,0
15,5.405422210693359,1,0
47,13.29420804977417,2,0
242,31.219908714294434,3,0
86,22.39397954940796,3,0
61,17.8828706741333,3,0
258,41.80507183074951,4,0
81,18.827144622802734,3,0
63,19.39337420463562,4,0
14,7.247753858566284,2,0
77,19.0434250831604,3,0
0,0.0,0,0
36,9.559880495071411,2,0
15,5.405422210693359,1,0
47,13.29420804977417,2,0
12,5.099019527435303,1,0
14,5.1918840408325195,1,0
35,11.902726650238037,2,0
17,5.531551361083984,1,0
7,3.971238136291504,1,0
24,10.04431676864624,2,0
238,31.41908550262451,3,0
71,18.2582745552063,3,0
56,19.924880266189575,4,0
122,30.6860990524292,4,0
68,18.995821952819824,3,0
29,10.476410388946533,2,0
146,33.16611433029175,4,0
136,34.22675037384033,4,0
64,18.50443148612976,4,0
145,33.59800910949707,4,0
107,28.740874767303467,4,0
56,14.954757452011108,3,0
79,22.97407555580139,4,0
14,5.065185070037842,1,0
10,4.610671520233154,1,0
179,37.244431495666504,4,0
84,24.145493268966675,4,0
70,22.930805444717407,4,0
144,26.64494228363037,4,0
76,19.89427399635315,4,0
44,15.92819333076477,3,0
59,14.135087490081787,2,0
28,10.785507202148438,2,0
0,0.0,0,0
47,16.142250776290894,3,0
113,17.80272102355957,3,0
88,22.129294872283936,3,0
125,30.062702178955078,4,0
261,29.983891487121582,4,0
79,22.767622470855713,3,0
151,32.67574119567871,4,0
141,30.114729404449463,4,0
111,25.32731008529663,3,0
108,24.779160737991333,4,0
163,34.64760112762451,4,0
128,26.447887182235718,4,0
118,26.372798681259155,4,0
83,21.919984817504883,3,0
0,0.0,0,0
143,34.31104612350464,4,0
82,21.866069793701172,3,0
44,15.862642765045166,3,0
56,16.971524477005005,3,0
126,26.752020359039307,4,0
80,22.02674150466919,3,0
74,24.887904167175293,4,0
48,14.714683055877686,2,0
26,12.295336961746216,3,0
74,25.497119188308716,4,0
50,14.556112289428711,2,0
31,13.441131353378296,3,0
88,27.46825361251831,4,0
66,20.893548488616943,3,0
31,13.972243070602417,3,0
64,22.679880380630493,4,0
53,18.196244955062866,3,0
18,10.755492687225342,3,0
72,24.18653440475464,4,0
28,10.96741247177124,2,0
3,2.9554388523101807,1,0
37,13.61512541770935,3,0
125,23.7612202167511,4,0
121,29.556687355041504,4,0
14,7.505870580673218,2,0
88,23.938828468322754,3,0
117,31.331614017486572,4,0
26,9.92292070388794,2,0
30,10.546285629272461,2,0
38,17.771262645721436,4,0
173,30.884077310562134,4,0
226,26.60921549797058,4,0
119,27.258657455444336,3,0
118,30.073789596557617,4,0
206,21.97739315032959,3,0
79,23.726332187652588,4,0
110,24.42469358444214,4,0
113,25.9329776763916,3,0
92,25.209449768066406,4,0
95,21.437922954559326,3,0
82,24.128401517868042,4,0
0,0.0,0,0
73,23.877202033996582,4,0
43,9.224967002868652,2,0
27,10.352932453155518,2,0
52,16.909929752349854,3,0
113,26.47286081314087,4,0
124,30.63422727584839,4,0
5,3.6131675243377686,1,0
30,10.608078956604004,2,0
8,6.568606376647949,2,0
127,29.071449279785156,4,0
198,24.139082193374634,4,0
98,22.774142742156982,3,0
138,32.58083200454712,4,0
66,22.951683521270752,4,0
95,19.091293334960938,2,0
346,47.28836154937744,4,1
516,44.88298749923706,4,1
203,32.87911796569824,3,1
179,35.38008260726929,4,0
240,40.40572929382324,4,0
134,27.41023588180542,3,0
210,40.05285358428955,4,0
158,34.09888982772827,4,0
46,11.334120988845825,2,0
185,38.23334217071533,4,0
130,26.543164253234863,3,0
28,10.17144513130188,2,0
188,35.42533540725708,4,1
604,61.4846134185791,4,1
283,43.105085372924805,4,1
214,29.82000231742859,4,1
593,60.80775260925293,4,1
316,36.178423166275024,4,1
118,27.151105880737305,3,0
167,31.472273349761963,4,0
162,27.396820545196533,4,0
122,29.69080400466919,4,1
298,46.20793628692627,4,1
326,37.40851402282715,4,1
217,35.15550374984741,4,0
112,18.22034239768982,3,0
167,32.67698001861572,4,0
194,28.72666597366333,3,0
105,23.304808139801025,3,0
152,32.18319749832153,4,0
238,31.149344205856323,4,0
123,26.870488166809082,3,0
165,34.56363534927368,4,0
152,27.417893648147583,4,0
142,27.25127387046814,4,0
154,23.80736255645752,3,0
328,44.77266788482666,4,1
625,63.36657238006592,4,1
442,44.55570387840271,4,1
331,34.211634397506714,4,1
611,49.489702224731445,4,1
491,55.41950798034668,4,1
219,23.495460987091064,3,1
339,30.186089038848877,4,1
358,27.70579171180725,3,1
212,28.941539525985718,4,1
338,32.00734210014343,4,1
352,35.037160873413086,3,1
159,31.20093083381653,4,0
477,53.5247106552124,4,1
290,36.66928195953369,4,1
62,15.576129674911499,3,1
476,45.263838052749634,4,1
266,27.303768157958984,3,1
141,31.724649906158447,4,1
453,42.81677794456482,4,1
311,35.79267859458923,4,1
204,36.63315963745117,4,1
261,29.466251611709595,4,1
305,37.136390209198,4,1
191,36.554643630981445,4,1
195,21.90570592880249,3,1
269,43.2542724609375,4,1
204,26.79360008239746,3,0
40,13.07783317565918,2,0
235,29.705326557159424,3,0
225,29.442718029022217,3,0
53,16.522547006607056,3,0
253,36.58050179481506,4,0
58,16.048519372940063,3,0
25,12.836133480072021,3,0
182,36.9550666809082,4,0
47,16.159382820129395,3,0
62,19.086188316345215,3,0
43,13.134602546691895,2,0
124,27.530454874038696,4,0
136,29.566211223602295,4,0
63,15.274490356445312,2,0
88,18.370525360107422,2,0
12,4.8446149826049805,1,0
99,28.112102270126343,4,0
57,17.310774564743042,3,0
137,27.399997234344482,4,0
62,17.384861707687378,3,0
245,34.833378314971924,4,0
97,25.123053073883057,3,0
8,4.303342342376709,1,0
59,18.684401512145996,3,0
69,18.347391843795776,3,0
232,22.709939002990723,2,0
93,27.248746871948242,4,0
132,12.92703127861023,3,0
40,12.669385194778442,2,0
151,32.576579093933105,4,1
356,41.43219614028931,4,1
134,26.352712154388428,3,1
42,15.55327296257019,3,0
117,30.65580701828003,4,0
57,11.31795883178711,2,0
43,16.053919553756714,3,0
114,28.729498624801636,4,0
64,16.17765522003174,2,0
187,24.470059633255005,3,0
12,4.840382099151611,1,0
196,21.583955764770508,2,0
170,33.09223961830139,4,0
79,23.492298126220703,4,0
68,19.516173362731934,3,0
0,0.0,0,0
3,2.9554388523101807,1,0
66,11.10721492767334,1,0
24,9.708880424499512,2,0
21,8.659381628036499,2,0
67,14.38882827758789,2,0
69,18.668147325515747,3,0
62,18.247210264205933,3,0
70,18.101300954818726,3,0
177,24.046094179153442,3,0
13,5.129790306091309,1,0
181,17.087669372558594,1,0
34,14.22362756729126,3,0
11,7.25878119468689,2,0
173,37.520301818847656,4,0
23,12.527181386947632,3,0
29,13.053012371063232,3,0
26,9.800066471099854,2,0
103,22.715095281600952,3,0
102,23.11249351501465,3,0
52,14.71543264389038,2,0
64,16.91159725189209,2,0
0,0.0,0,0
27,9.626804828643799,2,0
77,17.979458808898926,2,0
370,40.667754888534546,4,0
225,33.472848892211914,4,0
56,20.96634340286255,4,0
284,37.046475648880005,4,0
290,28.297026872634888,4,0
21,9.160591125488281,2,0
291,35.76851272583008,4,0
262,26.55743670463562,4,0
62,19.369530200958252,3,0
99,21.568591356277466,3,0
22,9.384267807006836,2,0
208,26.26557183265686,3,0
58,18.605209827423096,3,0
0,0.0,0,0
11,4.838462829589844,1,0
19,7.942476272583008,2,0
178,12.778292179107666,2,0
0,0.0,0,0
432,50.075692653656006,4,0
309,45.16854000091553,4,0
64,22.31433916091919,4,0
105,21.723909854888916,3,0
5,3.6131675243377686,1,0
67,23.281382083892822,4,0
115,11.749963521957397,2,0
33,11.111936569213867,2,0
54,12.915458917617798,3,0
108,11.139195919036865,2,0
21,4.692133903503418,1,0
124,30.82140064239502,4,1
340,47.7196102142334,4,1
125,25.41205072402954,3,1
219,32.155877113342285,3,0
262,21.901945114135742,3,0
316,46.43560981750488,4,0
113,23.16206693649292,3,0
272,43.52846622467041,4,0
273,34.31762647628784,4,0
13,5.385733127593994,1,0
82,22.72244691848755,3,0
28,12.681666612625122,3,0
126,28.775336027145386,4,0
48,15.727235555648804,3,0
17,6.186944484710693,1,0
8,4.323126316070557,1,0
18,5.703942775726318,1,0
56,14.637193202972412,2,0
88,21.9787917137146,4,0
320,45.75471019744873,4,0
241,42.79050159454346,4,0
28,10.198468208312988,2,0
160,34.22057485580444,4,0
306,46.486449241638184,4,0
61,15.250267505645752,2,0
145,32.42597818374634,4,0
162,34.79386329650879,4,0
94,26.186087131500244,4,0
291,36.81031680107117,4,0
183,30.822917699813843,4,0
95,24.05238389968872,3,0
272,43.91285419464111,4,0
202,30.028593063354492,3,0
103,25.794278621673584,4,0
266,30.855552434921265,4,0
212,33.42686629295349,4,0
141,31.5340633392334,4,0
234,40.500014305114746,4,0
269,42.780784606933594,4,0
75,18.46460723876953,3,0
362,49.0313138961792,4,0
222,39.17252540588379,4,0
6,2.9554388523101807,1,0
250,33.082303524017334,4,0
209,30.782148599624634,4,0
5,3.6131675243377686,1,0
249,35.1665403842926,4,0
222,31.47396445274353,4,0
17,8.457782506942749,2,0
413,48.92075443267822,4,0
268,42.38760471343994,4,0
211,32.29762363433838,4,0
195,36.65483283996582,4,0
258,42.55369758605957,4,0
173,22.84627056121826,2,0
169,32.092713594436646,4,0
254,40.8655481338501,4,0
171,26.93271780014038,3,0
193,29.52889370918274,4,0
246,37.20247220993042,4,0
74,14.461724758148193,2,0
211,38.41526126861572,4,0
216,38.50433158874512,4,0
98,21.56742238998413,3,0
215,38.06121492385864,4,0
225,38.70523166656494,4,0
53,17.297998189926147,3,0
304,38.80120849609375,4,0
292,36.9860405921936,4,0
298,36.89603519439697,4,0
171,34.46911096572876,4,0
284,35.466086626052856,4,0
226,41.37348651885986,4,0
394,29.35227394104004,2,0
162,34.68964624404907,4,0
85,22.147035121917725,3,0
270,28.746893405914307,4,0
203,30.94464683532715,3,0
5,3.6131675243377686,1,0
106,19.119257926940918,2,0
236,38.79138374328613,4,0
21,9.19188404083252,2,0
141,28.844806909561157,4,0
275,43.372318267822266,4,0
22,9.528309345245361,2,0
143,24.497902631759644,4,0
304,45.25348949432373,4,0
34,9.194329738616943,2,0
130,30.284863471984863,4,0
276,43.78279972076416,4,0
37,11.355813980102539,2,0
164,30.97510862350464,4,0
296,44.26425743103027,4,0
15,8.223839044570923,2,0
137,31.05316925048828,4,0
273,42.96544933319092,4,0
29,10.576976299285889,2,0
151,32.59585952758789,4,0
286,43.36408233642578,4,0
73,17.135945796966553,2,0
167,32.220051288604736,4,0
128,32.23750638961792,4,0
48,15.73071813583374,3,0
243,33.05085492134094,4,0
166,34.1880145072937,4,0
60,19.60711359977722,4,0
258,42.50979995727539,4,0
183,30.555026054382324,4,0
84,16.744621515274048,3,0
215,39.93138027191162,4,0
215,32.03443932533264,4,0
48,12.76871657371521,3,0
282,42.21086597442627,4,0
260,40.11971855163574,4,0
256,33.20284867286682,4,0
129,27.646848678588867,3,0
229,40.460187911987305,4,0
206,40.224547386169434,4,0
312,30.928032398223877,4,0
155,19.84279775619507,3,0
64,14.902196884155273,2,0
74,15.614419937133789,2,0
37,11.016931533813477,2,0
217,39.2029914855957,4,0
204,28.282527208328247,4,0
181,27.1240713596344,4,0
380,40.04592227935791,4,0
315,35.88109302520752,3,0
288,30.32870888710022,4,0
345,39.74753975868225,4,0
85,25.285337209701538,4,0
293,37.067877769470215,4,0
332,17.989434480667114,3,0
282,43.929619789123535,4,0
281,36.86433386802673,4,0
364,37.200825929641724,4,0
273,38.83816337585449,4,0
242,33.751646280288696,4,0
392,23.942726135253906,4,0
204,28.784987926483154,4,0
199,38.37300491333008,4,0
256,34.028013706207275,4,0
355,47.82618427276611,4,0
201,39.28236675262451,4,0
275,39.63963031768799,4,1
159,29.18584132194519,4,1
386,48.615949630737305,4,1
113,28.313753366470337,4,1
95,23.714266300201416,4,1
212,38.083627223968506,4,1
46,10.333246231079102,2,0
62,14.848538875579834,2,0
22,9.530596733093262,2,0
196,31.675280332565308,4,0
192,36.835848808288574,4,0
135,24.031129837036133,4,0
321,29.56968355178833,4,0
278,44.36652183532715,4,0
286,28.753103256225586,3,0
307,33.127432107925415,4,1
67,17.091418743133545,3,1
169,32.2009711265564,4,1
293,35.995420932769775,4,0
41,17.311429500579834,4,0
256,34.886966705322266,4,0
288,34.754640340805054,4,0
249,41.80662822723389,4,0
239,40.358829498291016,4,0
304,34.48341488838196,4,0
247,36.47024631500244,4,0
206,28.632320404052734,4,0
310,44.996517181396484,4,0
165,33.853503704071045,4,0
150,32.48281478881836,4,0
169,23.345866680145264,3,0
246,41.658864974975586,4,0
135,31.602290153503418,4,0
216,28.780580282211304,4,0
186,37.19081401824951,4,0
238,41.071003913879395,4,0
152,32.468101501464844,4,1
206,27.88517475128174,4,1
277,16.697070121765137,4,1
280,41.665419578552246,4,1
160,27.89351987838745,3,1
378,39.95465970039368,4,1
112,25.721192836761475,3,1
107,21.73940944671631,4,1
180,35.11954116821289,4,1
126,26.076215744018555,3,1
108,24.343929052352905,4,1
204,26.77595615386963,3,1
313,35.11149477958679,4,1
77,22.990205764770508,4,1
221,38.66114521026611,4,1
134,32.15765047073364,4,1
128,26.28470230102539,4,1
310,35.20322942733765,4,1
93,27.383328199386597,4,1
273,32.718599796295166,4,1
359,40.86098098754883,4,1
387,40.85112142562866,4,1
162,36.47685718536377,4,1
222,27.02266526222229,4,1
236,42.43885803222656,4,1
93,22.396822214126587,3,1
241,40.710638999938965,4,1
182,28.322084188461304,4,0
90,22.859386444091797,3,0
245,24.665663242340088,4,0
144,14.492894411087036,2,0
171,36.4832558631897,4,0
219,34.23074150085449,4,0
92,26.82343578338623,4,1
171,34.186646938323975,4,1
179,29.30731749534607,4,1
77,22.766797065734863,4,1
76,20.486992120742798,3,1
274,32.859267234802246,4,1
42,16.562544345855713,3,1
179,24.592609167099,4,1
283,43.07030200958252,4,1
336,36.926958084106445,4,1
125,31.354392051696777,4,1
164,34.04169702529907,4,1
191,39.742881774902344,4,1
43,13.90429401397705,2,1
180,36.62372970581055,4,1
102,29.121679067611694,4,0
5,3.594604969024658,1,0
168,17.495250463485718,3,0
109,27.99470353126526,4,1
93,23.592354774475098,3,1
384,49.90792179107666,4,1
402,51.182387351989746,4,1
162,31.58031463623047,4,1
320,40.31674575805664,4,1
290,26.102839469909668,4,1
154,22.375948667526245,3,1
435,23.816548347473145,4,1
181,20.869023323059082,4,0
182,26.579721689224243,4,0
370,33.90886116027832,4,0
501,40.543784618377686,4,1
229,35.664915561676025,4,1
478,46.87671518325806,4,1
213,33.75826621055603,4,1
194,31.99511957168579,4,1
55,11.684054851531982,3,1
523,39.4513680934906,4,1
312,27.11758327484131,4,1
361,31.951507091522217,4,1
437,52.67895793914795,4,1
234,40.79849815368652,4,1
343,37.980931997299194,4,1
66,20.392571926116943,3,1
215,22.789633989334106,4,1
318,44.989577293395996,4,1
153,26.952630043029785,4,0
70,16.4597384929657,3,0
213,19.527058839797974,3,0
126,29.875070095062256,4,0
56,20.374459981918335,4,0
180,19.20940351486206,3,0
42,15.383898735046387,3,1
206,27.962051391601562,4,1
302,33.18992757797241,4,1
52,17.56758737564087,3,1
184,25.69221258163452,4,1
254,41.590932846069336,4,1
120,26.01346254348755,3,1
74,20.606137990951538,4,1
194,36.68228530883789,4,1
29,12.940498113632202,3,1
202,25.787452220916748,4,1
263,41.828941822052,4,1
158,27.79229736328125,3,0
161,34.53241443634033,4,0
212,39.13294267654419,4,0
368,39.67823934555054,4,1
138,30.112337589263916,4,1
173,26.930508852005005,4,1
138,20.512300729751587,4,0
167,30.364471435546875,4,0
328,18.42326831817627,3,0
561,50.86586093902588,4,1
237,28.608702898025513,4,1
264,42.17685127258301,4,1
273,43.56289291381836,4,1
296,41.377410888671875,4,1
173,36.337218284606934,4,1
290,42.86716938018799,4,1
245,34.142282485961914,3,1
121,21.05847430229187,3,1
534,57.3156213760376,4,1
278,26.782608032226562,4,1
204,37.327115535736084,4,1
538,57.925283432006836,4,1
212,35.46006655693054,4,1
192,25.22740077972412,3,1
531,46.034069776535034,4,1
257,38.315547943115234,4,1
175,34.10469627380371,4,1
622,51.38759160041809,4,1
267,40.96226119995117,4,1
145,27.36521005630493,4,1
622,51.38759160041809,4,1
265,40.898919105529785,4,1
145,27.36521005630493,4,1
595,60.53151607513428,4,1
245,38.19710874557495,4,1
110,24.37859058380127,3,1
336,45.48864555358887,4,1
261,37.91369390487671,4,1
165,31.024538278579712,4,1
398,49.062408447265625,4,1
229,13.190987586975098,3,1
182,33.194424629211426,4,1
463,53.40922451019287,4,0
445,43.98253059387207,4,0
383,43.69533896446228,4,0
466,43.51346230506897,4,1
333,38.17172169685364,4,1
266,35.7740318775177,4,1
491,38.902387619018555,4,1
326,46.900919914245605,4,1
243,41.34036064147949,4,1
227,33.02255344390869,4,1
300,44.79482364654541,4,1
332,47.45956802368164,4,1
541,57.79506492614746,4,1
131,27.63471555709839,4,1
112,23.871755123138428,4,1
409,51.03184413909912,4,1
199,33.044716596603394,4,1
191,32.128246545791626,4,1
587,50.898136615753174,4,1
198,28.59185266494751,4,1
59,17.448165893554688,3,1
371,44.13937997817993,4,1
192,34.36123085021973,4,1
73,18.04665184020996,3,1
396,29.494879484176636,4,1
339,39.424365282058716,4,1
394,39.888614892959595,4,1
472,46.39122128486633,4,1
251,36.31525635719299,4,1
203,38.45302963256836,4,1
315,32.93156433105469,3,1
281,43.70300769805908,4,1
315,38.99922704696655,4,1
483,47.436545848846436,4,1
443,28.481668949127197,4,1
312,38.968106269836426,4,1
352,43.23435688018799,4,1
197,22.23384690284729,3,1
129,24.54211449623108,4,1
336,45.87932777404785,4,1
280,39.26796579360962,4,1
145,31.114827632904053,4,1
332,35.913628578186035,3,1
270,41.859639167785645,4,1
154,31.548194885253906,4,1
291,33.52700448036194,4,1
250,37.4886679649353,4,1
174,35.14455318450928,4,1
306,44.818023681640625,4,1
267,37.11812734603882,4,1
158,28.129055738449097,4,1
585,59.48215579986572,4,1
241,36.51523947715759,4,1
75,19.563479900360107,3,1
592,53.60537576675415,4,1
218,25.494792222976685,3,1
64,10.390464544296265,2,1
491,54.65904235839844,4,1
267,42.744141578674316,4,1
191,34.54857540130615,4,1
37,8.544004440307617,1,0
8,4.303342342376709,1,0
15,5.405422210693359,1,0
165,34.13755702972412,4,0
218,39.94215488433838,4,0
110,30.645092487335205,4,0
212,41.570963859558105,4,1
57,18.058443307876587,3,1
205,32.29163360595703,4,1
153,27.319589376449585,4,0
260,38.179532051086426,4,0
128,32.0258092880249,4,0
173,36.29655981063843,4,0
239,31.470058917999268,4,0
120,27.101423263549805,3,0
210,41.261176109313965,4,1
66,18.720115661621094,3,1
195,36.692716121673584,4,1
298,43.07629203796387,4,1
71,18.634836196899414,3,1
169,27.466209650039673,4,1
183,37.376980781555176,4,1
34,12.362359523773193,2,1
189,36.60183095932007,4,1
218,40.97631359100342,4,1
68,8.890987396240234,2,1
190,36.55883836746216,4,1
183,35.08879470825195,4,1
21,9.447032928466797,2,1
164,35.58565664291382,4,1
0,0.0,0,0
0,0.0,0,0
46,8.50507926940918,1,0
0,0.0,0,0
0,0.0,0,0
118,13.447930335998535,1,0
0,0.0,0,0
0,0.0,0,0
109,13.119362831115723,1,0
241,31.815253734588623,4,1
303,36.82171559333801,4,1
369,40.91364026069641,4,1
335,28.893820762634277,4,1
638,63.931434631347656,4,1
502,55.33161926269531,4,1
348,38.305126667022705,4,1
620,62.74906063079834,4,1
505,54.90652561187744,4,1
298,43.57007694244385,4,1
613,49.23983979225159,4,1
490,55.25409507751465,4,1
331,36.38984036445618,4,1
649,64.56658458709717,4,1
497,55.17743110656738,4,1
358,48.28763484954834,4,1
617,61.95496463775635,4,1
499,45.17854046821594,4,1
171,17.28365159034729,3,1
232,33.40047216415405,3,1
215,38.77301359176636,4,1
135,21.011500358581543,2,1
157,13.898690938949585,3,1
189,35.297199726104736,4,1
198,23.50429606437683,3,1
219,29.554338455200195,3,1
215,29.910885095596313,4,1
217,23.94996213912964,3,1
254,36.22509050369263,4,1
239,31.63239598274231,4,1
203,32.48253536224365,3,1
254,25.034255027770996,4,1
237,39.630924224853516,4,1
297,44.96270751953125,4,1
567,48.63992619514465,4,1
369,36.64889907836914,4,1
308,45.73752784729004,4,1
544,49.800639152526855,4,1
341,33.776960372924805,4,1
291,44.40752601623535,4,1
567,49.555349349975586,4,1
357,36.37752366065979,4,1
306,42.17063760757446,4,1
560,50.02157640457153,4,1
370,37.204776763916016,4,1
301,44.669342041015625,4,1
554,49.17336893081665,4,1
370,36.17598557472229,4,1
373,29.631449222564697,4,1
613,62.753737449645996,4,1
507,55.69190311431885,4,1
352,35.627509355545044,4,1
615,62.87582969665527,4,1
504,54.60694122314453,4,1
331,46.25198936462402,4,1
613,48.851238489151,4,1
481,54.21475315093994,4,1
331,46.25198936462402,4,1
613,48.851238489151,4,1
481,54.21475315093994,4,1
290,43.14531707763672,4,1
587,59.64950370788574,4,1
485,54.998674392700195,4,1
459,53.15703773498535,4,1
283,41.87607479095459,4,1
0,0.0,0,1
353,39.57936215400696,4,1
660,65.99093055725098,4,1
499,54.577895164489746,4,1
208,23.336072206497192,3,1
235,28.092745065689087,4,1
238,41.535200119018555,4,1
121,19.35127067565918,2,1
140,8.34053111076355,2,1
158,31.715091705322266,4,1
173,26.44194793701172,3,1
215,28.764256238937378,3,1
235,40.5952262878418,4,1
206,19.416040182113647,3,1
255,37.784976959228516,4,1
259,42.023810386657715,4,1
226,24.179107189178467,3,1
205,32.904882192611694,4,1
240,39.87075424194336,4,1
224,19.92740535736084,2,1
245,35.76213502883911,4,1
255,42.20488929748535,4,1
295,44.034749031066895,4,1
541,47.985095500946045,4,1
352,31.75443196296692,3,1
259,40.478023529052734,4,1
514,44.08262896537781,4,1
338,35.3913848400116,4,1
276,41.691020011901855,4,1
534,57.48898220062256,4,1
344,35.675697803497314,4,1
271,39.590519428253174,4,1
544,44.6590678691864,4,1
342,32.31259727478027,3,1
284,44.08865547180176,4,1
551,49.62681269645691,4,1
383,38.82949209213257,4,1
365,30.63518786430359,4,1
635,63.77566719055176,4,1
477,54.0163688659668,4,1
275,41.750484466552734,4,1
590,60.92321014404297,4,1
484,54.530619621276855,4,1
275,41.750484466552734,4,1
590,60.92321014404297,4,1
484,54.530619621276855,4,1
330,38.461689472198486,4,1
612,48.68224024772644,4,1
504,55.16762065887451,4,1
336,47.5222225189209,4,1
628,51.685389041900635,4,1
468,52.468146324157715,4,1
355,37.46155142784119,4,1
611,62.14334297180176,4,1
482,53.96913242340088,4,1
346,36.26853966712952,4,1
588,48.45413064956665,4,1
486,45.49229097366333,4,1
193,20.726587772369385,3,1
238,35.12134146690369,4,1
243,40.69612789154053,4,1
196,20.655258178710938,3,1
249,27.782625198364258,4,1
266,41.7078914642334,4,1
194,15.398999214172363,2,1
262,40.439218044281006,4,1
238,40.08823776245117,4,1
200,21.360902786254883,3,1
234,35.498274087905884,4,1
255,30.8990261554718,4,1
196,21.930320501327515,3,1
258,40.91627073287964,4,1
248,30.623738527297974,4,1
272,40.636961460113525,4,1
555,49.81013107299805,4,1
343,42.52300262451172,4,1
275,41.0781626701355,4,1
580,50.94988536834717,4,1
342,34.72199463844299,4,1
196,21.930320501327515,3,1
258,40.91627073287964,4,1
248,30.623738527297974,4,1
286,43.640151023864746,4,1
551,47.051682472229004,4,1
368,35.28960037231445,3,1
299,36.83627271652222,4,1
541,46.136587142944336,4,1
332,31.712321758270264,3,1
295,43.29432773590088,4,1
531,44.810949087142944,4,1
368,38.170907974243164,4,1
296,45.24474811553955,4,1
556,48.943602561950684,4,1
364,45.199310302734375,4,1
23,7.341112375259399,2,1
0,0.0,0,1
0,0.0,0,1
114,2.9554388523101807,1,1
187,22.023980617523193,2,1
3,2.9554388523101807,1,1
479,46.189696311950684,4,1
356,48.002817153930664,4,1
379,25.166052103042603,4,1
262,26.828913688659668,3,1
312,38.4584436416626,4,1
398,38.82818055152893,4,1
348,19.752938985824585,3,1
383,31.843738555908203,4,1
408,32.80779719352722,4,1
366,25.302932024002075,4,1
329,30.79763698577881,4,1
227,33.89389991760254,4,1
329,20.99965214729309,4,1
238,28.97353196144104,4,1
484,45.57565379142761,4,1
289,38.56993746757507,4,1
283,38.29027223587036,4,1
314,11.562123537063599,3,1
357,32.28184366226196,4,1
236,40.5157995223999,4,1
352,38.01493191719055,4,1
207,36.41364574432373,4,1
482,43.709567070007324,4,1
246,31.3389675617218,4,1
215,41.68134593963623,4,1
497,46.73129940032959,4,1
241,31.869096040725708,4,1
458,32.607338428497314,4,1
212,32.318394899368286,4,1
395,50.12252712249756,4,1
360,48.490641593933105,4,1
424,43.456732749938965,4,1
327,37.49544715881348,4,1
266,36.314464807510376,4,1
328,37.020018339157104,4,1
232,32.823517084121704,4,1
740,68.29842567443848,4,1
627,47.14887809753418,3,1
228,23.916760444641113,4,1
756,68.88695049285889,4,1
273,15.446171522140503,3,1
770,69.40191459655762,4,1
404,34.56809997558594,4,1
441,35.02185869216919,4,1
439,43.78192710876465,4,1
443,23.079583883285522,3,1
426,35.039854526519775,4,1
310,28.690855264663696,4,1
7,3.971238136291504,1,0
12,4.8446149826049805,1,0
12,2.9554388523101807,1,0
114,29.75402593612671,4,0
211,38.352291107177734,4,0
178,27.962332010269165,4,0
165,31.75022315979004,4,0
172,32.63603973388672,4,0
161,27.5565984249115,4,0
69,15.74232292175293,2,0
214,16.25894331932068,3,0
158,33.400965213775635,4,0
114,29.75402593612671,4,0
211,38.352291107177734,4,0
178,27.962332010269165,4,0
188,37.30719995498657,4,0
147,33.00579833984375,4,0
118,29.300373315811157,4,0
179,36.36998271942139,4,0
154,33.37387466430664,4,0
142,24.138951539993286,3,0
119,24.793673038482666,3,0
103,25.2299861907959,3,0
120,27.725248336791992,4,0
204,31.94997477531433,4,0
142,34.43907594680786,4,0
123,25.149070262908936,3,0
298,45.820425033569336,4,0
191,35.852797508239746,4,0
198,37.951271057128906,4,0
227,42.509334564208984,4,0
209,29.869384765625,3,0
168,36.38234329223633,4,0
125,26.83994460105896,4,0
74,21.491225957870483,4,0
171,35.842352867126465,4,0
143,32.80682611465454,4,0
85,24.88024091720581,4,0
82,12.567371368408203,2,0
170,23.783058166503906,4,0
167,32.0368766784668,4,0
217,39.18173408508301,4,0
96,25.24237823486328,4,0
185,37.23228454589844,4,0
92,23.44426727294922,4,0
173,34.305607318878174,4,0
208,39.029884338378906,4,0
157,33.61311435699463,4,0
140,29.03846836090088,3,0
210,26.37049174308777,4,0
145,29.891422033309937,4,0
72,19.691699504852295,3,0
93,21.91683340072632,3,0
146,29.71313977241516,4,0
204,31.67978024482727,4,0
248,33.35504865646362,4,0
227,41.34962558746338,4,0
123,28.25841450691223,4,0
110,27.478530406951904,4,0
299,42.408923625946045,4,0
127,27.794160842895508,3,0
95,22.942404747009277,3,0
96,25.463079929351807,4,0
228,27.462698221206665,4,0
152,20.644800901412964,3,0
179,33.770827293395996,4,0
161,27.860567569732666,4,0
187,35.80573511123657,4,0
126,24.647552013397217,3,0
171,34.93065595626831,4,0
278,37.54506254196167,4,0
176,37.548771381378174,4,0
235,41.787339210510254,4,0
168,29.979219436645508,3,0
109,24.472346544265747,4,0
206,36.144230365753174,4,0
172,30.270605325698853,4,0
106,26.82929039001465,4,0
136,30.71388554573059,4,0
204,32.68639397621155,4,0
201,34.042577028274536,4,0
160,32.47428631782532,4,0
147,28.33840847015381,3,0
159,31.976013660430908,4,0
172,37.46513652801514,4,0
108,22.505263328552246,3,0
178,35.17818546295166,4,0
118,32.227739334106445,4,0
22,9.781650066375732,2,0
47,16.295837879180908,3,0
31,11.099259376525879,2,0
254,35.84748101234436,4,0
156,30.762437343597412,4,0
63,10.894574880599976,2,0
164,29.768498182296753,4,0
152,33.15545177459717,4,0
3,2.9554388523101807,1,0
8,4.303342342376709,1,0
0,0.0,0,0
131,31.025096893310547,4,0
26,9.781974792480469,2,0
16,5.515748977661133,1,0
59,18.500316619873047,3,0
219,39.41692781448364,4,0
102,26.604225873947144,4,0
32,11.180062770843506,2,0
35,7.675804138183594,1,0
6,5.910877704620361,2,0
218,28.663155555725098,3,0
39,9.056869506835938,1,0
8,4.303342342376709,1,0
114,29.671863555908203,4,0
188,26.865039110183716,4,0
184,37.438814640045166,4,0
218,28.663155555725098,3,0
39,9.056869506835938,1,0
8,4.303342342376709,1,0
276,33.01504325866699,4,0
23,9.452540397644043,2,0
235,31.285432815551758,4,0
308,43.27425241470337,4,0
212,37.66554546356201,4,0
214,39.53616762161255,4,0
0,0.0,0,0
405,48.88767433166504,4,0
320,45.35603427886963,4,0
165,22.853346347808838,3,0
216,34.85380291938782,4,0
93,24.372570753097534,4,0
104,15.358589172363281,3,0
175,35.21868848800659,4,0
244,31.990362405776978,4,0
247,33.985058546066284,4,0
192,28.088402032852173,4,0
178,36.17962598800659,4,0
157,33.06783485412598,4,0
332,46.342705726623535,4,0
194,36.20931959152222,4,0
160,26.252894401550293,3,0
143,32.36085796356201,4,0
196,26.119333267211914,4,0
104,28.135815382003784,4,0
212,32.55027103424072,3,0
77,23.858392477035522,4,0
101,26.971192836761475,4,0
23,9.50786018371582,2,0
183,17.196069955825806,3,0
18,6.261081218719482,1,0
48,12.533331871032715,2,0
27,10.155443668365479,2,0
102,26.183560848236084,4,0
33,10.590702533721924,2,0
151,23.72660732269287,3,0
151,34.62783622741699,4,0
81,21.61847496032715,3,0
30,10.590702533721924,2,0
24,7.353853225708008,1,0
114,25.385122537612915,4,0
83,21.2693772315979,3,0
116,25.31146550178528,4,0
86,21.849271774291992,3,0
54,14.873907804489136,4,0
20,8.846836566925049,2,0
141,30.510409832000732,4,0
268,42.09576988220215,4,0
42,18.356109857559204,4,0
10,6.926676988601685,2,0
36,16.105355262756348,4,0
118,29.107073307037354,4,0
0,0.0,0,0
38,11.697469234466553,2,0
249,38.56536054611206,4,0
85,22.485748291015625,3,0
86,23.206897258758545,4,0
81,23.58139944076538,4,0
258,42.73765563964844,4,0
170,23.889347314834595,4,0
147,30.79208469390869,4,0
79,19.10994243621826,3,0
141,31.956337928771973,4,0
19,8.394636392593384,2,0
8,4.303342342376709,1,0
172,37.29470157623291,4,0
120,29.407798767089844,4,1
280,27.777738571166992,3,1
102,26.847696542739868,4,1
101,25.70215392112732,4,1
273,26.373658180236816,3,1
109,27.54408359527588,4,1
120,29.342644691467285,4,1
333,38.212400674819946,4,1
130,26.123216152191162,3,1
9,6.45908784866333,2,0
107,28.45250654220581,4,0
37,9.988273620605469,2,0
28,10.171040058135986,2,0
14,5.1918840408325195,1,0
48,13.43745231628418,2,0
55,13.712008476257324,2,0
27,12.952783346176147,3,0
30,10.691931009292603,2,0
151,25.74651789665222,4,0
44,9.432257652282715,1,0
25,7.704582214355469,1,0
45,15.560710430145264,3,0
120,23.91118812561035,3,0
36,14.601627349853516,3,0
105,28.034066438674927,4,0
112,24.22849464416504,3,0
36,10.922122478485107,2,0
188,26.980721473693848,3,0
26,10.286180019378662,2,0
203,24.50729513168335,2,0
77,17.635766983032227,2,0
0,0.0,0,0
43,12.768244504928589,3,0
20,11.009897232055664,3,0
22,4.8446149826049805,1,0
187,22.055604457855225,2,0
163,34.53275537490845,4,0
180,35.64297008514404,4,0
145,23.642056703567505,4,0
37,15.265698432922363,3,0
22,7.071067810058594,1,0
56,13.102236986160278,2,0
84,25.298746585845947,4,0
121,16.239359855651855,3,0
49,14.493945121765137,2,0
102,21.98158550262451,3,0
58,15.171740531921387,2,0
7,4.0,1,0
41,11.284917116165161,2,0
73,19.29550838470459,3,0
17,8.252245664596558,2,0
196,24.47449254989624,4,0
0,0.0,0,0
0,0.0,0,0
173,22.10231590270996,2,0
36,8.844221115112305,1,0
71,16.792320728302002,2,0
92,25.92405939102173,4,0
0,0.0,0,0
14,5.1918840408325195,1,0
50,12.834510087966919,2,0
60,19.093418836593628,3,0
15,7.800053834915161,2,0
50,13.192490100860596,2,0
26,10.243885040283203,2,0
5,3.6131675243377686,1,0
53,16.81710958480835,3,0
75,20.46470546722412,3,0
121,29.155245304107666,4,0
106,27.325133323669434,4,0
124,26.339389324188232,3,0
80,20.82120394706726,4,0
31,10.856762409210205,2,0
10,4.610671520233154,1,0
51,14.633921146392822,2,0
266,33.689335107803345,4,0
217,39.79451656341553,4,0
163,34.06578063964844,4,0
35,10.169859886169434,2,0
312,46.16040229797363,4,0
219,39.9917106628418,4,0
14,5.517000198364258,1,0
222,40.74344825744629,4,0
209,28.465609312057495,4,0
281,43.242950439453125,4,0
209,33.97978734970093,4,0
236,40.32420063018799,4,0
291,44.564693450927734,4,0
163,25.61291742324829,4,0
128,30.579031467437744,4,0
291,44.564693450927734,4,0
163,25.61291742324829,4,0
128,30.579031467437744,4,0
156,21.736827850341797,2,0
194,23.376291275024414,3,0
264,35.028220415115356,4,0
199,38.61431550979614,4,0
133,30.363443851470947,4,0
156,33.56472826004028,4,0
92,20.61168622970581,3,0
241,40.68038272857666,4,0
245,40.747782707214355,4,0
256,42.14732074737549,4,0
184,38.01487970352173,4,0
233,22.32674217224121,2,0
82,17.95669174194336,2,0
304,27.936174154281616,4,0
218,37.703704833984375,4,0
152,28.044246912002563,4,0
193,22.444582223892212,4,0
79,21.018571853637695,3,0
28,10.181773900985718,3,0
271,42.028682708740234,4,0
226,39.38802719116211,4,0
216,40.15993404388428,4,0
385,39.562689781188965,3,0
170,33.658602714538574,4,0
189,35.42803645133972,4,0
129,29.936272382736206,4,0
84,20.622324466705322,3,0
189,35.42803645133972,4,0
129,29.936272382736206,4,0
84,20.622324466705322,3,0
124,29.281702518463135,4,0
134,30.371181964874268,4,0
129,30.569387435913086,4,0
127,25.900754928588867,3,0
95,21.2598237991333,4,0
101,23.285860538482666,3,0
34,8.336112022399902,1,0
88,24.435552835464478,4,0
75,17.161568641662598,2,0
36,15.1132173538208,3,0
62,21.747491121292114,4,0
44,15.703105926513672,3,0
105,25.78244686126709,4,0
8,4.303342342376709,1,0
19,5.973306655883789,1,0
86,24.035863399505615,4,0
0,0.0,0,0
22,6.451821804046631,1,0
72,22.224106550216675,4,0
14,5.1918840408325195,1,0
36,12.382195949554443,2,0
39,15.536214590072632,3,0
67,17.168432235717773,2,0
0,0.0,0,0
0,0.0,0,0
0,0.0,0,0
0,0.0,0,0
0,0.0,0,0
0,0.0,0,0
0,0.0,0,0
0,0.0,0,0
0,0.0,0,0
99,13.000336647033691,1,0
0,0.0,0,0
0,0.0,0,0
0,0.0,0,0
0,0.0,0,0
0,0.0,0,0
0,0.0,0,0
188,21.54509401321411,3,0
0,0.0,0,0
3,2.9554388523101807,1,0
0,0.0,0,0
0,0.0,0,0
0,0.0,0,0
7,3.7146711349487305,1,0
0,0.0,0,0
5,3.6131675243377686,1,0
0,0.0,0,0
13,7.566110372543335,2,0
0,0.0,0,0
0,0.0,0,0
0,0.0,0,0
0,0.0,0,0
0,0.0,0,0
0,0.0,0,0
0,0.0,0,0
0,0.0,0,0
0,0.0,0,0
0,0.0,0,0
0,0.0,0,0
48,10.075947761535645,1,0
0,0.0,0,0
0,0.0,0,0
0,0.0,0,0
0,0.0,0,0
0,0.0,0,0
0,0.0,0,0
0,0.0,0,0
0,0.0,0,0
0,0.0,0,0
0,0.0,0,0
105,26.289835929870605,3,0
121,29.71766996383667,4,0
45,5.910877704620361,2,0
0,0.0,0,0
0,0.0,0,0
0,0.0,0,0
5,3.6131675243377686,1,0
8,4.303342342376709,1,0
5,3.6131675243377686,1,0
11,4.838462829589844,1,0
15,3.6345863342285156,1,0
0,0.0,0,0
0,0.0,0,0
0,0.0,0,0
0,0.0,0,0
0,0.0,0,0
117,26.291587352752686,3,0
0,0.0,0,0
0,0.0,0,0
0,0.0,0,0
0,0.0,0,0
0,0.0,0,0
0,0.0,0,0
0,0.0,0,0
0,0.0,0,0
0,0.0,0,0
0,0.0,0,0
0,0.0,0,0
0,0.0,0,0
0,0.0,0,0
0,0.0,0,0
0,0.0,0,0
0,0.0,0,0
0,0.0,0,0
0,0.0,0,0
0,0.0,0,0
32,8.274580478668213,2,0
19,8.394636392593384,2,0
45,9.01380443572998,1,0
0,0.0,0,0
0,0.0,0,0
0,0.0,0,0
184,26.285266160964966,4,0
16,5.910877704620361,2,0
3,2.9554388523101807,1,0
0,0.0,0,0
27,7.5844056606292725,2,0
26,10.648874759674072,2,0
95,23.70585060119629,3,0
62,16.09531307220459,3,0
0,0.0,0,0
40,14.964495182037354,3,0
58,3.6345863342285156,1,0
20,9.423579454421997,2,0
0,0.0,0,0
3,2.9554388523101807,1,0
0,0.0,0,0
0,0.0,0,0
0,0.0,0,0
0,0.0,0,0
0,0.0,0,0
11,4.692133903503418,1,0
5,3.6131675243377686,1,0
0,0.0,0,0
0,0.0,0,0
0,0.0,0,0
0,0.0,0,0
13,4.890987396240234,1,0
0,0.0,0,0
0,0.0,0,0
0,0.0,0,0
0,0.0,0,0
0,0.0,0,0
0,0.0,0,0
50,8.723405838012695,1,0
0,0.0,0,0
0,0.0,0,0
0,0.0,0,0
0,0.0,0,0
0,0.0,0,0
0,0.0,0,0
0,0.0,0,0
0,0.0,0,0
0,0.0,0,0
101,26.55932116508484,4,0
11,7.25878119468689,2,0
16,8.451630353927612,2,0
112,28.4502534866333,4,0
75,23.448715686798096,4,0
81,13.1149320602417,2,0
30,11.105242729187012,2,0
21,11.727488040924072,3,0
160,33.870620250701904,4,0
113,25.845059394836426,3,0
32,13.143672227859497,3,0
23,9.32126784324646,2,0
7,3.971238136291504,1,0
0,0.0,0,0
38,12.026954174041748,2,0
0,0.0,0,0
8,4.002221584320068,1,0
3,2.9554388523101807,1,0
60,18.33942747116089,3,0
102,20.2537841796875,2,0
23,9.536748886108398,2,0
92,21.935741424560547,3,0
71,20.445824146270752,3,0
22,9.290857315063477,2,0
105,21.337679624557495,4,0
110,25.2950496673584,3,0
93,23.59720253944397,4,0
92,21.935741424560547,3,0
71,20.445824146270752,3,0
22,9.290857315063477,2,0
95,22.76804828643799,3,0
101,16.95643186569214,4,0
103,23.816660404205322,3,0
46,12.580205202102661,2,0
11,7.25878119468689,2,0
17,8.195782899856567,2,0
3,2.9554388523101807,1,0
10,4.341928958892822,1,0
0,0.0,0,0
38,15.040373802185059,3,0
102,27.620422840118408,4,0
103,26.474955320358276,4,0
34,10.97296142578125,2,0
74,20.090505599975586,3,0
110,27.289166927337646,4,0
12,4.7856550216674805,1,0
24,6.419653415679932,1,0
49,16.381672143936157,3,0
62,21.584132432937622,4,0
18,8.838462829589844,2,0
0,0.0,0,0
132,30.011157751083374,4,0
52,13.673717498779297,2,0
26,7.485048770904541,1,0
141,31.65294647216797,4,0
12,7.6131675243377686,2,0
64,18.739076137542725,3,0
36,11.491069555282593,2,0
96,25.836971521377563,4,0
62,15.139720439910889,2,0
3,2.9554388523101807,1,0
33,8.161401748657227,1,0
0,0.0,0,0
136,34.1139931678772,4,0
10,4.610671520233154,1,0
62,18.504307746887207,3,0
96,19.026997566223145,2,0
94,19.233814239501953,2,0
39,8.351072311401367,1,0
82,15.059937953948975,2,0
0,0.0,0,0
30,15.088054656982422,4,0
0,0.0,0,0
94,22.96427345275879,3,0
48,10.582351207733154,2,0
10,4.610671520233154,1,0
11,7.116816520690918,2,0
57,13.807121276855469,2,0
58,18.904709339141846,3,0
96,9.781650066375732,2,0
17,8.1473228931427,2,0
32,9.128916501998901,2,0
74,20.472055435180664,3,0
0,0.0,0,0
51,12.871245861053467,2,0
84,22.400707721710205,3,0
24,9.688507080078125,2,0
21,14.043493509292603,4,0
142,32.65125226974487,4,0
78,20.578954935073853,3,0
21,6.496578693389893,1,0
100,27.824652194976807,4,0
73,20.94946265220642,3,0
17,8.342111825942993,2,0
39,13.206949234008789,2,0
207,20.797812461853027,2,0
222,33.6707181930542,4,1
271,37.191410064697266,4,1
162,34.04573965072632,4,1
184,36.21358251571655,4,1
238,37.50726342201233,4,1
155,34.34439277648926,4,1
360,48.46898174285889,4,1
164,28.128803968429565,4,1
302,45.003292083740234,4,1
154,31.882410526275635,4,1
384,48.34401893615723,4,1
140,31.93285846710205,4,1
178,33.4021692276001,4,1
156,33.13173055648804,4,1
224,38.8648567199707,4,1
214,32.49969792366028,4,1
123,30.308107376098633,4,1
359,46.98491382598877,4,1
327,29.23701810836792,4,1
279,22.677469730377197,4,1
258,35.63101148605347,4,1
373,48.33394813537598,4,1
257,30.395504236221313,4,1
197,34.098044872283936,4,1
293,27.535014390945435,4,1
308,35.27520942687988,4,1
328,46.92408275604248,4,1
155,29.39486598968506,3,1
204,38.40393829345703,4,1
316,45.04694938659668,4,1
279,40.01788544654846,4,1
264,31.67583441734314,4,1
302,36.37683081626892,4,1
255,38.529303550720215,4,1
166,35.94922685623169,4,1
272,43.36948013305664,4,1
323,37.20104265213013,4,1
339,37.00971055030823,4,1
235,33.47721552848816,4,1
350,48.61851406097412,4,1
307,34.75740027427673,4,1
283,43.56521701812744,4,1
202,28.179186582565308,4,1
633,62.67258930206299,4,1
318,45.797367095947266,4,1
198,35.90042543411255,4,0
477,48.27676320075989,4,1
303,36.533007860183716,4,1
712,67.1447525024414,4,1
323,32.284966230392456,4,1
219,24.355404138565063,3,1
275,29.085480213165283,4,1
409,32.558632135391235,4,1
348,46.48710823059082,4,1
268,41.55679512023926,4,1
411,32.65517473220825,4,1
185,26.30726146697998,3,1
202,38.44169807434082,4,1
255,30.19206929206848,4,1
327,37.96163582801819,4,1
148,32.81977081298828,4,1
309,38.29623579978943,4,1
357,29.34876537322998,4,1
258,30.068902015686035,4,1
361,24.903475284576416,4,1
386,41.27766036987305,4,1
240,39.91530132293701,4,1
519,39.976481676101685,4,1
321,44.98855638504028,4,1
126,25.534207344055176,3,1
419,41.69118595123291,4,1
450,53.43446350097656,4,1
464,45.43480682373047,4,0
495,33.64232659339905,4,1
340,36.92695927619934,4,1
361,48.10366439819336,4,1
532,49.146488428115845,4,1
231,38.04106378555298,4,1
223,40.757859230041504,4,1
277,36.17221546173096,3,1
141,28.00001573562622,4,1
233,28.50527262687683,4,1
248,40.0532112121582,4,1
236,40.55781078338623,4,1
367,50.204702377319336,4,1
621,63.03067588806152,4,1
495,54.746849060058594,4,1
307,45.22610569000244,4,1
555,49.40931415557861,4,1
364,36.566089391708374,4,1
373,39.100725412368774,4,1
186,35.95087671279907,4,1
309,37.17848229408264,4,1
351,46.85480308532715,4,1
199,36.34594011306763,4,1
262,35.349411487579346,4,1
378,48.76422595977783,4,1
154,33.26935529708862,4,1
315,31.80308198928833,4,1
114,25.748926162719727,3,1
79,24.539155960083008,4,1
202,37.53702735900879,4,1
116,29.443329334259033,4,1
121,28.72511386871338,4,1
210,36.39283728599548,4,1
86,20.813352584838867,3,1
156,29.680214405059814,4,1
195,27.65956950187683,4,1
84,25.412821769714355,4,1
41,14.520536661148071,3,1
215,22.56364393234253,3,1
53,18.04519748687744,3,1
219,28.20911407470703,4,1
276,41.588072776794434,4,1
315,35.22706961631775,4,1
76,20.18168592453003,3,1
148,30.424691677093506,4,1
186,38.58488082885742,4,1
54,14.208168983459473,2,1
196,36.56952667236328,4,1
37,11.35318112373352,2,1
17,5.430521011352539,1,1
264,40.80532932281494,4,1
320,31.743921995162964,4,1
109,29.490642070770264,4,1
280,38.59503889083862,4,1
264,18.880751609802246,4,1
48,16.73737621307373,3,1
216,33.34808659553528,4,1
322,21.05013394355774,4,1
77,21.179303646087646,3,1
221,33.01415753364563,4,1
115,23.71467399597168,3,0
144,32.424341678619385,4,0
273,30.267457962036133,4,0
263,21.93738055229187,4,1
70,18.70542621612549,3,1
186,30.76768398284912,4,1
471,39.884782552719116,4,1
199,30.844091176986694,4,1
375,35.87839460372925,4,1
282,42.03071594238281,4,1
110,21.073983192443848,3,1
382,41.93271827697754,4,1
65,14.411544799804688,2,0
7,3.971238136291504,1,0
0,0.0,0,0
288,42.768309116363525,4,1
67,17.328624963760376,3,1
174,35.59425067901611,4,1
219,39.47540092468262,4,1
288,42.03464412689209,4,1
295,44.86495590209961,4,1
361,37.45766544342041,4,1
305,44.58047389984131,4,1
346,46.52448081970215,4,1
453,53.77173042297363,4,1
222,37.63374376296997,4,1
172,33.71722412109375,4,1
266,42.226319313049316,4,1
236,40.441253662109375,4,1
248,30.7002911567688,4,1
475,54.09145736694336,4,1
399,43.55439114570618,4,1
279,36.704325675964355,4,1
483,38.27671957015991,4,0
485,44.10099816322327,4,0
357,37.41902446746826,3,0
411,40.90139818191528,4,1
317,46.68925952911377,4,1
226,34.74199390411377,4,1
352,33.339977979660034,4,1
169,35.180192947387695,4,1
284,45.02657222747803,4,1
133,28.057388305664062,3,1
97,28.086700439453125,4,1
219,40.128990173339844,4,1
124,26.601077556610107,3,1
67,22.380550384521484,4,1
210,40.00912141799927,4,1
112,25.15693235397339,3,1
83,24.772698879241943,4,1
220,36.513792276382446,4,1
131,27.458112239837646,3,1
62,22.126062631607056,4,1
210,38.543297290802,4,1
298,28.145487308502197,4,1
77,20.649269104003906,3,1
226,34.07944416999817,4,1
438,35.720399141311646,4,1
312,46.0051965713501,4,1
235,40.496625900268555,4,1
515,38.25141215324402,4,0
433,42.091004610061646,4,0
327,37.46054029464722,4,0
456,52.69585704803467,4,1
403,51.262746810913086,4,1
272,39.16314363479614,4,1
269,29.055233001708984,3,1
258,42.78617477416992,4,1
271,37.4057297706604,4,1
448,45.06660771369934,4,1
245,34.862303256988525,4,1
192,37.55022716522217,4,1
215,38.55631160736084,4,1
281,42.100932121276855,4,1
319,47.307522773742676,4,1
280,41.013221740722656,4,1
56,13.790309429168701,2,1
183,34.99422740936279,4,1
288,41.59968280792236,4,1
146,15.341756105422974,3,1
366,47.946096420288086,4,1
284,42.718441009521484,4,1
569,51.70030689239502,4,1
381,38.4781494140625,4,1
372,39.508870124816895,4,1
632,64.80608367919922,4,1
519,47.33520746231079,4,1
238,19.754919052124023,2,1
287,43.09596061706543,4,1
238,30.561543703079224,4,1
212,27.99022603034973,4,1
256,30.584516048431396,4,1
227,39.97555637359619,4,1
229,28.272510290145874,4,1
247,25.356998443603516,4,1
239,39.8272123336792,4,1
251,31.63673973083496,3,1
311,33.98700952529907,4,1
166,34.48897695541382,4,1
256,33.18571925163269,4,1
289,39.877527952194214,4,1
177,37.33206653594971,4,1
356,47.64575386047363,4,1
531,39.64919877052307,4,1
261,32.49420356750488,4,1
150,19.991753578186035,3,1
443,30.916938066482544,4,1
439,40.89044189453125,4,1
459,35.68045926094055,4,0
500,35.931806325912476,4,1
320,45.28741931915283,4,1
273,34.43909049034119,4,1
523,39.28157997131348,4,1
299,33.336631298065186,4,1
319,37.524035930633545,4,1
367,48.61760711669922,4,1
223,39.74001455307007,4,1
253,42.41594314575195,4,1
164,34.14753437042236,4,1
275,43.0891752243042,4,1
273,28.863760471343994,3,1
296,31.669811487197876,4,1
339,16.464689254760742,2,1
161,29.510836601257324,3,1
222,33.25888180732727,4,1
320,44.81490993499756,4,1
305,29.11164665222168,4,1
339,37.465359926223755,4,1
329,45.2952880859375,4,1
396,49.11944770812988,4,1
281,41.2945237159729,4,1
208,24.44736337661743,3,1
314,28.258784770965576,4,1
269,41.83275508880615,4,1
234,34.0352942943573,4,1
389,39.7930588722229,4,1
298,35.32048153877258,4,1
316,33.079047203063965,4,1
220,28.495103120803833,4,1
169,27.418956518173218,4,1
356,35.72421455383301,3,1
195,37.62128829956055,4,1
175,34.48749780654907,4,1
238,34.68681192398071,4,1
190,26.48954200744629,4,1
402,50.16209125518799,4,1
177,35.99691724777222,4,1
173,26.315950393676758,4,1
237,30.26715350151062,4,1
152,33.6298303604126,4,1
364,48.82370090484619,4,1
171,37.1354866027832,4,1
294,43.58531951904297,4,1
266,16.33978247642517,4,1
258,36.194156646728516,4,1
186,26.08258295059204,4,1
352,39.55226993560791,4,1
330,36.82035493850708,4,1
310,37.329671144485474,4,1
233,30.643887281417847,4,1
628,51.275028228759766,3,1
341,27.54216957092285,3,1
176,30.110329151153564,3,0
479,55.329267501831055,4,1
306,36.447805881500244,4,1
713,67.36638450622559,4,1
312,39.312257289886475,4,1
241,39.248056173324585,4,1
297,37.49854278564453,4,1
389,31.719789505004883,4,1
361,47.64391803741455,4,1
277,34.354557275772095,4,1
435,35.091318130493164,4,1
180,37.39801025390625,4,1
228,40.85766887664795,4,1
274,20.847468852996826,4,1
337,34.327290534973145,3,1
193,35.47998237609863,4,1
332,47.94227313995361,4,1
332,37.40290093421936,4,1
228,25.33278727531433,3,1
340,25.128575801849365,3,1
435,33.20647859573364,4,1
93,26.123380422592163,4,1
163,20.518549919128418,3,1
190,29.06503701210022,4,1
88,26.275876998901367,4,1
74,17.821571350097656,3,1
220,30.619361877441406,4,1
55,18.09346914291382,3,1
195,25.66060519218445,4,1
283,42.82081604003906,4,1
340,37.78085374832153,4,1
94,25.368801832199097,4,1
139,32.55015277862549,4,1
201,38.90968894958496,4,1
50,13.525851249694824,2,1
172,27.406450986862183,4,1
66,15.883939266204834,2,1
62,21.00523328781128,4,1
312,23.30687379837036,4,1
125,20.38169765472412,2,0
115,30.17021608352661,4,0
273,30.68396830558777,4,0
454,45.57282328605652,4,1
200,33.26858901977539,4,1
366,40.448901414871216,4,1
21,9.214113712310791,2,0
23,9.018589735031128,2,0
200,21.32334613800049,2,0
22,6.515141010284424,1,0
111,30.23890495300293,4,0
81,24.442223072052002,4,0
20,6.692321300506592,1,0
84,25.079456329345703,4,0
38,8.888741254806519,2,0
48,16.33780264854431,3,0
82,22.443469047546387,3,0
35,14.527772426605225,3,0
44,8.615296363830566,1,0
31,8.1473228931427,2,0
34,17.039692163467407,4,0
31,9.21243691444397,2,0
93,21.853960037231445,3,0
10,4.610671520233154,1,0
65,13.859618663787842,2,0
3,2.9554388523101807,1,0
38,16.20569944381714,3,0
98,19.47535228729248,2,0
99,25.56953501701355,4,0
57,18.138299703598022,3,0
119,31.63583993911743,4,0
21,11.793901681900024,3,0
68,18.294448375701904,3,0
64,19.15164279937744,3,0
103,27.44974946975708,4,0
68,18.811979055404663,3,0
119,30.887715339660645,4,0
3,2.9554388523101807,1,0
62,13.886463642120361,3,0
142,32.39757442474365,4,0
45,12.930795431137085,2,0
30,8.545812606811523,1,0
50,16.1147563457489,3,0
82,21.050084114074707,4,0
114,28.285943031311035,4,0
19,8.805051565170288,2,0
34,11.086659908294678,2,0
35,11.614633083343506,2,0
5,3.6131675243377686,1,0
16,8.305563926696777,2,0
3,2.9554388523101807,1,0
48,9.483766555786133,1,0
11,7.116816520690918,2,0
24,9.684447765350342,2,0
112,26.716278076171875,4,0
109,29.111690998077393,4,0
76,22.310182809829712,4,0
110,25.739418268203735,4,0
64,20.02309560775757,3,0
25,9.914054870605469,2,0
74,24.707109928131104,4,0
105,19.508100509643555,2,0
24,11.989501714706421,3,0
38,14.52394700050354,3,0
29,10.339398384094238,2,0
41,12.753490924835205,2,0
127,31.184070587158203,4,0
50,16.45437002182007,3,0
28,13.019271850585938,3,0
149,32.68633031845093,4,0
106,29.22573947906494,4,0
71,18.84403133392334,3,0
39,12.42791748046875,2,0
19,11.584405660629272,3,0
194,38.85764217376709,4,0
61,18.16471767425537,3,0
11,4.838462829589844,1,0
0,0.0,0,0
114,21.659663200378418,3,0
84,18.144204139709473,3,0
96,22.323730945587158,3,0
5,3.6131675243377686,1,0
0,0.0,0,0
39,12.686262607574463,2,0
40,15.965842485427856,3,0
44,12.946783542633057,2,0
22,9.781650066375732,2,0
5,3.6131675243377686,1,0
22,7.071067810058594,1,0
51,13.366227626800537,2,0
31,13.68889045715332,3,0
127,16.74439525604248,3,0
38,11.892516613006592,2,0
114,28.109929084777832,4,0
9,4.315976142883301,1,0
15,7.799825429916382,2,0
94,25.540626287460327,4,0
10,3.971238136291504,1,0
22,6.322386264801025,1,0
113,27.47626304626465,4,0
24,8.1473228931427,2,0
14,2.9554388523101807,1,0
42,19.155486583709717,4,0
32,8.12330436706543,1,0
18,8.914013862609863,2,0
439,34.90353775024414,4,1
289,44.53292274475098,4,1
228,33.94260287284851,4,1
121,26.92149305343628,4,0
6,2.9554388523101807,1,0
38,12.11470651626587,2,0
65,23.670122146606445,4,0
31,7.558347225189209,1,0
44,16.038215398788452,3,0
106,23.508747816085815,4,0
15,8.223839044570923,2,0
21,6.265972137451172,1,0
84,20.129902839660645,3,0
0,0.0,0,0
0,0.0,0,0
121,24.819251537322998,3,0
18,8.46047592163086,2,0
21,6.370081901550293,1,0
454,33.66866970062256,4,1
347,41.1410436630249,4,1
275,20.276277542114258,2,1
